{"colors": {"board_1": [0.35431985294117646, 0.6299019607843137, 0.9094209558823529], "board_2": [0.7558823529411764, 0.5078584558823529, 0.7558823529411764], "highlight": [0.35431985294117646, 0.9094209558823529, 0.39762561274509806]}}